-- ENDEREÇOS
insert into Enderecos (Endereco_id, cep, estado, cidade, bairro, rua, numero, complemento) values (1, 41636178, 'New York', 'New York City', 'Trumann Booth-Jarvis', 'Esch', '27156', 9377);
insert into Enderecos (Endereco_id, cep, estado, cidade, bairro, rua, numero, complemento) values (2, 94050839, 'New York', 'Staten Island', 'Rosanne MacCague', 'Westerfield', '83227', 9721);
insert into Enderecos (Endereco_id, cep, estado, cidade, bairro, rua, numero, complemento) values (3, 13471113, 'New York', 'Flushing', 'Ferdy Wicken', 'Rockefeller', '79', 5067);
insert into Enderecos (Endereco_id, cep, estado, cidade, bairro, rua, numero, complemento) values (4, 26185915, 'New York', 'Albany', 'Jemimah Sayton', 'Kinsman', '87', 2140);
insert into Enderecos (Endereco_id, cep, estado, cidade, bairro, rua, numero, complemento) values (5, 32811833, 'New York', 'Brooklyn', 'Nigel Aikin', 'Schiller', '4', 9270);
insert into Enderecos (Endereco_id, cep, estado, cidade, bairro, rua, numero, complemento) values (6, 63104417, 'New York', 'New York City', 'Judith Bucknall', 'Kensington', '60221', 1560);
insert into Enderecos (Endereco_id, cep, estado, cidade, bairro, rua, numero, complemento) values (7, 87548168, 'New York', 'Brooklyn', 'Brit Baldrey', '3rd', '6', 3658);
insert into Enderecos (Endereco_id, cep, estado, cidade, bairro, rua, numero, complemento) values (8, 88017698, 'New York', 'New York City', 'Irita Madgewick', 'Vahlen', '00789', 5345);
insert into Enderecos (Endereco_id, cep, estado, cidade, bairro, rua, numero, complemento) values (9, 94164072, 'New York', 'New York City', 'Ric Zukerman', 'Bultman', '9', 7251);
insert into Enderecos (Endereco_id, cep, estado, cidade, bairro, rua, numero, complemento) values (10, 26162155, 'New York', 'New York City', 'Bradly Deboick', 'Lakewood', '14', 9613);
insert into Enderecos (Endereco_id, cep, estado, cidade, bairro, rua, numero, complemento) values (11, 91785133, 'New York', 'Bronx', 'Damiano Robberts', 'Hollow Ridge', '371', 3086);
insert into Enderecos (Endereco_id, cep, estado, cidade, bairro, rua, numero, complemento) values (12, 41124935, 'New York', 'Rochester', 'Nancie Lovemore', 'Marquette', '4161', 6478);
insert into Enderecos (Endereco_id, cep, estado, cidade, bairro, rua, numero, complemento) values (13, 45962511, 'New York', 'Jamaica', 'Zelda Robertsson', 'Alpine', '3233', 8728);
insert into Enderecos (Endereco_id, cep, estado, cidade, bairro, rua, numero, complemento) values (14, 79890083, 'New York', 'Rochester', 'Terencio Golton', 'Mifflin', '554', 5557);
insert into Enderecos (Endereco_id, cep, estado, cidade, bairro, rua, numero, complemento) values (15, 54934287, 'New York', 'Hicksville', 'Cacilia Hasson', 'Jay', '199', 4078);
insert into Enderecos (Endereco_id, cep, estado, cidade, bairro, rua, numero, complemento) values (16, 28298830, 'New York', 'New Hyde Park', 'Kala McCourtie', 'Cottonwood', '443', 8964);
insert into Enderecos (Endereco_id, cep, estado, cidade, bairro, rua, numero, complemento) values (17, 78396061, 'New York', 'Albany', 'Gale Kensett', 'Portage', '05608', 5767);
insert into Enderecos (Endereco_id, cep, estado, cidade, bairro, rua, numero, complemento) values (18, 10922617, 'New York', 'New York City', 'June Brownsill', 'Everett', '298', 2686);
insert into Enderecos (Endereco_id, cep, estado, cidade, bairro, rua, numero, complemento) values (19, 15011144, 'New York', 'Rochester', 'Odie Fraine', 'Fairview', '01581', 9837);
insert into Enderecos (Endereco_id, cep, estado, cidade, bairro, rua, numero, complemento) values (20, 99662268, 'New York', 'Bronx', 'Hymie Tappin', 'International', '790', 2394);
insert into Enderecos (Endereco_id, cep, estado, cidade, bairro, rua, numero, complemento) values (21, 56676566, 'New York', 'Elmira', 'Raeann Heintz', 'Graedel', '73', 1000);
insert into Enderecos (Endereco_id, cep, estado, cidade, bairro, rua, numero, complemento) values (22, 58631826, 'New York', 'New York City', 'Rawley McGuffog', 'Burning Wood', '30631', 5645);
insert into Enderecos (Endereco_id, cep, estado, cidade, bairro, rua, numero, complemento) values (23, 93365143, 'New York', 'New York City', 'Silva Bryan', 'Hayes', '7150', 6793);
insert into Enderecos (Endereco_id, cep, estado, cidade, bairro, rua, numero, complemento) values (24, 27027194, 'New York', 'Brooklyn', 'Alexandrina Tremontana', 'Debra', '30920', 1293);
insert into Enderecos (Endereco_id, cep, estado, cidade, bairro, rua, numero, complemento) values (25, 90250353, 'New York', 'Bronx', 'Briney Caldayrou', 'Hoard', '7921', 5381);

-- FORNECEDORES
insert into Fornecedores (nome) values ('Loise Menicomb');
insert into Fornecedores (nome) values ('Newton Ducket');
insert into Fornecedores (nome) values ('Emilio Verty');
insert into Fornecedores (nome) values ('Catarina Vane');
insert into Fornecedores (nome) values ('Benedikta Sonier');
insert into Fornecedores (nome) values ('Kylila Kirton');
insert into Fornecedores (nome) values ('Jesus Cunniam');
insert into Fornecedores (nome) values ('Aprilette Denver');
insert into Fornecedores (nome) values ('Ana Piechnik');
insert into Fornecedores (nome) values ('Conni Mustchin');
insert into Fornecedores (nome) values ('Quinlan Ashborn');
insert into Fornecedores (nome) values ('Morry Effaunt');
insert into Fornecedores (nome) values ('Cristy Benedit');
insert into Fornecedores (nome) values ('Charmane Bacop');
insert into Fornecedores (nome) values ('Ranee Bernette');
insert into Fornecedores (nome) values ('Candie Maffey');
insert into Fornecedores (nome) values ('Stanislas Rouse');
insert into Fornecedores (nome) values ('Tabb Boddington');
insert into Fornecedores (nome) values ('Tanner Gerardot');
insert into Fornecedores (nome) values ('Cordie Luten');
insert into Fornecedores (nome) values ('Debera Peers');
insert into Fornecedores (nome) values ('Boycie Le Strange');
insert into Fornecedores (nome) values ('Cathlene Dreossi');
insert into Fornecedores (nome) values ('Lolly Kirk');
insert into Fornecedores (nome) values ('Sawyer Bowmer');

-- PECAS
insert into Pecas (nome, descricao, quantidade, foto, marca, ano, preco, modelo, tipoVeiculo, Fornecedores_id) values ('Jeffy', 'Subluand, init', 80, 'http://dummyimage.com/205x107.png/5fa2dd/ffffff', 'Topicshots', 3, 72.68, 'Prefeito Doutor João Silva Filho Airport', 1, 1);
insert into Pecas (nome, descricao, quantidade, foto, marca, ano, preco, modelo, tipoVeiculo, Fornecedores_id) values ('Gwenora', 'Vitreous abscess (chronic)', 55, 'http://dummyimage.com/211x132.png/cc0000/ffffff', 'Kwideo', 5, 17.47, 'Oban Airport', 0, 2);
insert into Pecas (nome, descricao, quantidade, foto, marca, ano, preco, modelo, tipoVeiculo, Fornecedores_id) values ('Ashleigh', 'Occup of mred in traf, sequela', 88, 'http://dummyimage.com/159x132.png/5fa2dd/ffffff', 'Pixonyx', 2, 83.42, 'Trompeteros Airport', 1, 3);
insert into Pecas (nome, descricao, quantidade, foto, marca, ano, preco, modelo, tipoVeiculo, Fornecedores_id) values ('Jeramey', 'Anterior disloceral joint, sequela', 44, 'http://dummyimage.com/166x161.png/cc0000/ffffff', 'Trupe', 5, 17.77, 'Rocky Mount Wilson Regional Airport', 1, 4);
insert into Pecas (nome, descricao, quantidade, foto, marca, ano, preco, modelo, tipoVeiculo, Fornecedores_id) values ('Shae', 'Abn lev as to source in CSF', 33, 'http://dummyimage.com/158x244.png/5fa2dd/ffffff', 'Thoughtworks', 5, 39.5, 'Noyabrsk Airport', 1, 5);
insert into Pecas (nome, descricao, quantidade, foto, marca, ano, preco, modelo, tipoVeiculo, Fornecedores_id) values ('Dosi', 'Complete level, unsp arm', 59, 'http://dummyimage.com/109x147.png/cc0000/ffffff', 'Babblestorm', 1, 1.65, 'Fazenda São Francisco do Itaquerê Airport', 1, 6);
insert into Pecas (nome, descricao, quantidade, foto, marca, ano, preco, modelo, tipoVeiculo, Fornecedores_id) values ('Pattie', 'Gas unsp cause asphyx, subs', 18, 'http://dummyimage.com/246x133.png/ff4444/ffffff', 'Twitterlist', 8, 8.47, 'Laucala Island Airport', 0, 7);
insert into Pecas (nome, descricao, quantidade, foto, marca, ano, preco, modelo, tipoVeiculo, Fornecedores_id) values ('Fredelia', 'Disp na, 7thK', 45, 'http://dummyimage.com/101x231.png/ff4444/ffffff', 'Fatz', 7, 85.73, 'Rouen Airport', 0, 8);
insert into Pecas (nome, descricao, quantidade, foto, marca, ano, preco, modelo, tipoVeiculo, Fornecedores_id) values ('Morry', 'Co(septum)', 91, 'http://dummyimage.com/247x115.png/dddddd/000000', 'Zava', 10, 40.97, 'Maku National Airport', 1, 9);
insert into Pecas (nome, descricao, quantidade, foto, marca, ano, preco, modelo, tipoVeiculo, Fornecedores_id) values ('Ragnar', 'Peral prosthetic joint', 40, 'http://dummyimage.com/201x240.png/5fa2dd/ffffff', 'Livefish', 2, 1.14, 'Canandaigua Airport', 0, 10);
insert into Pecas (nome, descricao, quantidade, foto, marca, ano, preco, modelo, tipoVeiculo, Fornecedores_id) values ('Egan', 'Burn init encntr', 59, 'http://dummyimage.com/239x142.png/ff4444/ffffff', 'Meevee', 9, 82.7, 'Santana do Araguaia Airport', 1, 11);
insert into Pecas (nome, descricao, quantidade, foto, marca, ano, preco, modelo, tipoVeiculo, Fornecedores_id) values ('Drud', 'Contusion of abdominal wall', 34, 'http://dummyimage.com/162x133.png/5fa2dd/ffffff', 'Twitterlist', 8, 24.65, 'Maestro Wilson Fonseca Airport', 0, 12);
insert into Pecas (nome, descricao, quantidade, foto, marca, ano, preco, modelo, tipoVeiculo, Fornecedores_id) values ('Artair', 'Melaternal auricular canal', 8, 'http://dummyimage.com/145x144.png/ff4444/ffffff', 'Jaxworks', 5, 35.98, 'Naiu Airport', 0, 13);
insert into Pecas (nome, descricao, quantidade, foto, marca, ano, preco, modelo, tipoVeiculo, Fornecedores_id) values ('Diarmid', 'Chromscess', 71, 'http://dummyimage.com/210x222.png/cc0000/ffffff', 'Oba', 6, 47.47, 'Quartz Creek Airport', 0, 14);
insert into Pecas (nome, descricao, quantidade, foto, marca, ano, preco, modelo, tipoVeiculo, Fornecedores_id) values ('Rosy', 'Factphyscl signs and symptoms', 86, 'http://dummyimage.com/185x250.png/dddddd/000000', 'Rhyzio', 5, 73.28, 'Jumla Airport', 1, 15);
insert into Pecas (nome, descricao, quantidade, foto, marca, ano, preco, modelo, tipoVeiculo, Fornecedores_id) values ('Aubry', 'Otheela', 84, 'http://dummyimage.com/135x151.png/cc0000/ffffff', 'Janyx', 9, 75.33, 'Rumbek Airport', 1, 16);
insert into Pecas (nome, descricao, quantidade, foto, marca, ano, preco, modelo, tipoVeiculo, Fornecedores_id) values ('Nye', 'Encnthldhd w/o abn findings', 15, 'http://dummyimage.com/167x122.png/dddddd/000000', 'Cogibox', 6, 85.83, 'Munduku Airport', 0, 17);
insert into Pecas (nome, descricao, quantidade, foto, marca, ano, preco, modelo, tipoVeiculo, Fornecedores_id) values ('Jamie', 'Poisonimined, subs encntr', 24, 'http://dummyimage.com/216x162.png/ff4444/ffffff', 'Voomm', 1, 69.46, 'Carlisle Airport', 1, 18);
insert into Pecas (nome, descricao, quantidade, foto, marca, ano, preco, modelo, tipoVeiculo, Fornecedores_id) values ('Shaine', 'Asph self-harm, init', 44, 'http://dummyimage.com/129x245.png/5fa2dd/ffffff', 'Eayo', 3, 5.35, 'RNZAF Base Ohakea', 0, 19);
insert into Pecas (nome, descricao, quantidade, foto, marca, ano, preco, modelo, tipoVeiculo, Fornecedores_id) values ('Lilias', 'Poiso, undetermined', 67, 'http://dummyimage.com/160x221.png/ff4444/ffffff', 'Demivee', 5, 36.57, 'Wyk auf Föhr Airport', 1, 20);
insert into Pecas (nome, descricao, quantidade, foto, marca, ano, preco, modelo, tipoVeiculo, Fornecedores_id) values ('Claudia', 'Poisoninysrhy drugsned, sequela', 31, 'http://dummyimage.com/191x145.png/cc0000/ffffff', 'Midel', 1, 39.91, 'Wanaka Airport', 1, 21);
insert into Pecas (nome, descricao, quantidade, foto, marca, ano, preco, modelo, tipoVeiculo, Fornecedores_id) values ('Lizbeth', 'Partitation of penis', 74, 'http://dummyimage.com/222x249.png/ff4444/ffffff', 'Zoomzone', 10, 84.22, 'Kankesanturai Airport', 1, 22);
insert into Pecas (nome, descricao, quantidade, foto, marca, ano, preco, modelo, tipoVeiculo, Fornecedores_id) values ('Etheline', 'Druggout, right knee', 66, 'http://dummyimage.com/229x239.png/dddddd/000000', 'Brightdog', 4, 77.83, 'Mojica Airport', 0, 23);
insert into Pecas (nome, descricao, quantidade, foto, marca, ano, preco, modelo, tipoVeiculo, Fornecedores_id) values ('Rossie', 'Posteriified eye', 36, 'http://dummyimage.com/224x135.png/cc0000/ffffff', 'Jaloo', 5, 82.59, 'Graz Airport', 1, 24);
insert into Pecas (nome, descricao, quantidade, foto, marca, ano, preco, modelo, tipoVeiculo, Fornecedores_id) values ('Brewster', 'Congendia', 5, 'http://dummyimage.com/199x204.png/cc0000/ffffff', 'Shufflebeat', 10, 92.7, 'Port Moller Airport', 1, 25);

-- CLIENTES
insert into Clientes (cpf, nome, email, senha, Enderecos_id) values (30211242010, 'Masha', 'msinfield0@bandcamp.com', 'KUoF2Mp8d', 1);
insert into Clientes (cpf, nome, email, senha, Enderecos_id) values (72123846515, 'Joellen', 'jcrumpton1@unesco.org', 'atYjTE7', 2);
insert into Clientes (cpf, nome, email, senha, Enderecos_id) values (27543338529, 'Mirna', 'mmaleham2@free.fr', 'UA9VhRzYlo', 3);
insert into Clientes (cpf, nome, email, senha, Enderecos_id) values (79818292286, 'Goran', 'gmardlin3@drupal.org', 'gVXkVg', 4);
insert into Clientes (cpf, nome, email, senha, Enderecos_id) values (87202328391, 'Marcelo', 'mburhouse4@weebly.com', 'WinP3o', 5);
insert into Clientes (cpf, nome, email, senha, Enderecos_id) values (65677834864, 'Prent', 'pscholte5@netlog.com', '7NCMm0VigU', 6);
insert into Clientes (cpf, nome, email, senha, Enderecos_id) values (65438870014, 'Gottfried', 'gdate6@java.com', 'TsiTsBp', 7);
insert into Clientes (cpf, nome, email, senha, Enderecos_id) values (45605757099, 'Creighton', 'choodspeth7@hexun.com', '3c8Cpk', 8);
insert into Clientes (cpf, nome, email, senha, Enderecos_id) values (58923103517, 'Aleta', 'athomasen8@jimdo.com', 'FgWxT01dz', 9);
insert into Clientes (cpf, nome, email, senha, Enderecos_id) values (79866746855, 'Kori', 'kforkan9@state.gov', 'NusBBeFMz', 10);
insert into Clientes (cpf, nome, email, senha, Enderecos_id) values (45818956538, 'Haley', 'hculya@typepad.com', 'Y26OomPu', 11);
insert into Clientes (cpf, nome, email, senha, Enderecos_id) values (56225796372, 'Evangelina', 'ecorainb@independent.co.uk', 'X3jB9y', 12);
insert into Clientes (cpf, nome, email, senha, Enderecos_id) values (31890368086, 'Kristina', 'kkellarc@shinystat.com', 'ipMI3t0Oh', 13);
insert into Clientes (cpf, nome, email, senha, Enderecos_id) values (51243110762, 'Claus', 'cmariad@va.gov', '4yMSaog', 14);
insert into Clientes (cpf, nome, email, senha, Enderecos_id) values (98557026754, 'Vale', 'vswaine@msn.com', '72J18vRz2J', 15);
insert into Clientes (cpf, nome, email, senha, Enderecos_id) values (34031276580, 'Darell', 'dbowtonf@bandcamp.com', 'PlDJVfO', 16);
insert into Clientes (cpf, nome, email, senha, Enderecos_id) values (53375239385, 'Rudolph', 'rmaccallesterg@gizmodo.com', 'LEMuOCsIv0ey', 17);
insert into Clientes (cpf, nome, email, senha, Enderecos_id) values (33821313896, 'Dorelia', 'dgrisewoodh@ehow.com', '5GY7xubQ', 18);
insert into Clientes (cpf, nome, email, senha, Enderecos_id) values (96523273961, 'Adriaens', 'apolandi@reference.com', 'imWcQE', 19);
insert into Clientes (cpf, nome, email, senha, Enderecos_id) values (11339213341, 'Werner', 'wglaisterj@ca.gov', 'xfgR2D', 20);
insert into Clientes (cpf, nome, email, senha, Enderecos_id) values (12827988500, 'Felice', 'fthalmannk@yelp.com', 'fKEAjaFOJ', 21);
insert into Clientes (cpf, nome, email, senha, Enderecos_id) values (48070461707, 'Northrop', 'njaffreyl@dmoz.org', '7Vmo2a', 22);
insert into Clientes (cpf, nome, email, senha, Enderecos_id) values (33235880906, 'Oran', 'omoreinum@apple.com', 'OdzSQCVd', 23);
insert into Clientes (cpf, nome, email, senha, Enderecos_id) values (77369179271, 'Harp', 'hkeenorn@forbes.com', 'kq487c', 24);
insert into Clientes (cpf, nome, email, senha, Enderecos_id) values (21620707770, 'Carrie', 'cdunneto@studiopress.com', '66I0fyIqeDkJ', 25);


-- Funcionarios
insert into Funcionarios (cpf, nome, email, senha, cargo_funcionario) values (46984253806, 'Felis concolor', 'nwinsor0@1688.com', 'wzBMqyzBVEq', 0);
insert into Funcionarios (cpf, nome, email, senha, cargo_funcionario) values (26694013717, 'Dasyurus viverrinus', 'ggarmanson1@sogou.com', 'jeB8t3ujuI', 1);
insert into Funcionarios (cpf, nome, email, senha, cargo_funcionario) values (83146499250, 'Actophilornis africanus', 'aheister2@tripadvisor.com', 'Jxl71pLtr', 0);
insert into Funcionarios (cpf, nome, email, senha, cargo_funcionario) values (94927372887, 'Connochaetus taurinus', 'htompkiss3@e-recht24.de', 'osKmtLT', 0);
insert into Funcionarios (cpf, nome, email, senha, cargo_funcionario) values (58656360517, 'Coluber constrictor', 'dgritten4@google.ca', 'cjOCuyW2', 0);
insert into Funcionarios (cpf, nome, email, senha, cargo_funcionario) values (86904736337, 'Anastomus oscitans', 'baronstein5@github.io', '8EaDIsaeTLG', 1);
insert into Funcionarios (cpf, nome, email, senha, cargo_funcionario) values (56244165899, 'Hymenolaimus malacorhynchus', 'mascroft6@go.com', 'E7beWEyE', 1);
insert into Funcionarios (cpf, nome, email, senha, cargo_funcionario) values (92489068098, 'Coluber constrictor', 'bburry7@1688.com', 'qPsw2J9', 0);
insert into Funcionarios (cpf, nome, email, senha, cargo_funcionario) values (13692532293, 'Tiliqua scincoides', 'sfriberg8@ted.com', 'JkhUn2', 1);
insert into Funcionarios (cpf, nome, email, senha, cargo_funcionario) values (24097952045, 'Rhabdomys pumilio', 'igarthshore9@aboutads.info', 'nhlE0L3UW', 1);
insert into Funcionarios (cpf, nome, email, senha, cargo_funcionario) values (31328009261, 'Erethizon dorsatum', 'avenediktova@timesonline.co.uk', 'Wt90VSMGcVo', 0);
insert into Funcionarios (cpf, nome, email, senha, cargo_funcionario) values (77341531660, 'Semnopithecus entellus', 'saxworthyb@alibaba.com', 'WrreCH8K3Uj5', 0);
insert into Funcionarios (cpf, nome, email, senha, cargo_funcionario) values (18614542140, 'Odocoileus hemionus', 'prowburyc@loc.gov', 'uWyLWboih4', 0);
insert into Funcionarios (cpf, nome, email, senha, cargo_funcionario) values (55195819987, 'Plegadis ridgwayi', 'nlindrod@fastcompany.com', 'ziPBfYBgs', 1);
insert into Funcionarios (cpf, nome, email, senha, cargo_funcionario) values (63251524285, 'Dasyurus viverrinus', 'akindleysidese@merriam-webster.com', '5SaadCbOH6', 0);
insert into Funcionarios (cpf, nome, email, senha, cargo_funcionario) values (92040800466, 'Paradoxurus hermaphroditus', 'tmotionf@liveinternet.ru', '1AOCiyV', 1);
insert into Funcionarios (cpf, nome, email, senha, cargo_funcionario) values (88262625545, 'Potorous tridactylus', 'nshegogg@youtu.be', 'SlYiPB', 0);
insert into Funcionarios (cpf, nome, email, senha, cargo_funcionario) values (11708986375, 'Felis silvestris lybica', 'cmaddickh@springer.com', 'bIx3J93Mb', 1);
insert into Funcionarios (cpf, nome, email, senha, cargo_funcionario) values (67423512052, 'Varanus sp.', 'wpaunsfordi@netvibes.com', 'm1no5Wmtgt', 1);
insert into Funcionarios (cpf, nome, email, senha, cargo_funcionario) values (49480491229, 'Antechinus flavipes', 'npetrushkevichj@nhs.uk', 'wpW6sksLWv0t', 0);
insert into Funcionarios (cpf, nome, email, senha, cargo_funcionario) values (96034098100, 'Casmerodius albus', 'tspongk@hhs.gov', 'KiZ72NVs', 1);
insert into Funcionarios (cpf, nome, email, senha, cargo_funcionario) values (35825585567, 'Larus fuliginosus', 'lhudspithl@mit.edu', 'r5xJJ4', 1);
insert into Funcionarios (cpf, nome, email, senha, cargo_funcionario) values (72234385167, 'Neotis denhami', 'rchamberlaynem@woothemes.com', '9FKWxNlV', 0);
insert into Funcionarios (cpf, nome, email, senha, cargo_funcionario) values (14883578371, 'Bubalornis niger', 'bsomersn@nymag.com', 'jlAqfec', 1);
insert into Funcionarios (cpf, nome, email, senha, cargo_funcionario) values (75250782796, 'Nycticorax nycticorax', 'rsimeko@go.com', 'aZptgVTkS', 1);

-- VENDAS 
insert into Vendas (Pecas_id, Pecas_Fornecedores_id, Vendedores_id, Clientes_id) values (1, 1, 1, 1);
insert into Vendas (Pecas_id, Pecas_Fornecedores_id, Vendedores_id, Clientes_id) values (2, 2, 2, 2);
insert into Vendas (Pecas_id, Pecas_Fornecedores_id, Vendedores_id, Clientes_id) values (3, 3, 3, 3);
insert into Vendas (Pecas_id, Pecas_Fornecedores_id, Vendedores_id, Clientes_id) values (4, 4, 4, 4);
insert into Vendas (Pecas_id, Pecas_Fornecedores_id, Vendedores_id, Clientes_id) values (5, 5, 5, 5);
insert into Vendas (Pecas_id, Pecas_Fornecedores_id, Vendedores_id, Clientes_id) values (6, 6, 6, 6);
insert into Vendas (Pecas_id, Pecas_Fornecedores_id, Vendedores_id, Clientes_id) values (7, 7, 7, 7);
insert into Vendas (Pecas_id, Pecas_Fornecedores_id, Vendedores_id, Clientes_id) values (8, 8, 8, 8);
insert into Vendas (Pecas_id, Pecas_Fornecedores_id, Vendedores_id, Clientes_id) values (9, 9, 9, 9);
insert into Vendas (Pecas_id, Pecas_Fornecedores_id, Vendedores_id, Clientes_id) values (10, 10, 10, 10);
insert into Vendas (Pecas_id, Pecas_Fornecedores_id, Vendedores_id, Clientes_id) values (11, 11, 11, 11);
insert into Vendas (Pecas_id, Pecas_Fornecedores_id, Vendedores_id, Clientes_id) values (12, 12, 12, 12);
insert into Vendas (Pecas_id, Pecas_Fornecedores_id, Vendedores_id, Clientes_id) values (13, 13, 13, 13);
insert into Vendas (Pecas_id, Pecas_Fornecedores_id, Vendedores_id, Clientes_id) values (14, 14, 14, 14);
insert into Vendas (Pecas_id, Pecas_Fornecedores_id, Vendedores_id, Clientes_id) values (15, 15, 15, 15);
insert into Vendas (Pecas_id, Pecas_Fornecedores_id, Vendedores_id, Clientes_id) values (16, 16, 16, 16);
insert into Vendas (Pecas_id, Pecas_Fornecedores_id, Vendedores_id, Clientes_id) values (17, 17, 17, 17);
insert into Vendas (Pecas_id, Pecas_Fornecedores_id, Vendedores_id, Clientes_id) values (18, 18, 18, 18);
insert into Vendas (Pecas_id, Pecas_Fornecedores_id, Vendedores_id, Clientes_id) values (19, 19, 19, 19);
insert into Vendas (Pecas_id, Pecas_Fornecedores_id, Vendedores_id, Clientes_id) values (20, 20, 20, 20);
insert into Vendas (Pecas_id, Pecas_Fornecedores_id, Vendedores_id, Clientes_id) values (21, 21, 21, 21);
insert into Vendas (Pecas_id, Pecas_Fornecedores_id, Vendedores_id, Clientes_id) values (22, 22, 22, 22);
insert into Vendas (Pecas_id, Pecas_Fornecedores_id, Vendedores_id, Clientes_id) values (23, 23, 23, 23);
insert into Vendas (Pecas_id, Pecas_Fornecedores_id, Vendedores_id, Clientes_id) values (24, 24, 24, 24);
insert into Vendas (Pecas_id, Pecas_Fornecedores_id, Vendedores_id, Clientes_id) values (25, 25, 25, 25);